[
    {
        "sender": "21412412",
        "receiver": "21412412",
        "amount": 234.0,
        "timestamp": "2024-11-21 08:33:55"
    },
    {
        "sender": "21412412",
        "receiver": "21412412",
        "amount": 234.0,
        "timestamp": "2024-11-21 08:34:08"
    },
    {
        "sender": "23525",
        "receiver": "235235",
        "amount": 235235235352.0,
        "timestamp": "2024-11-22 09:45:38"
    },
    {
        "sender": "1241",
        "receiver": "2124124",
        "amount": 1221.0,
        "timestamp": "2024-11-22 18:31:53"
    },
    {
        "sender": "2222",
        "receiver": "2222",
        "amount": 22222.0,
        "timestamp": "2024-11-22 18:32:15"
    },
    {
        "sender": "1241",
        "receiver": "2124124",
        "amount": 3333.0,
        "timestamp": "2024-11-22 18:36:03"
    },
    {
        "sender": "215151",
        "receiver": "151511",
        "amount": 1000.0,
        "timestamp": "2024-11-22 18:40:12"
    },
    {
        "amount": 333333333.0,
        "receiver": "124124",
        "sender": "222222",
        "timestamp": "2024-11-22 18:40:35"
    },
    {
        "sender": "222222",
        "receiver": "2131",
        "amount": 120.0,
        "timestamp": "2024-11-22 18:41:48"
    },
    {
        "sender": "215152",
        "receiver": "211222",
        "amount": 1000.0,
        "timestamp": "2024-11-22 18:46:26"
    },
    {
        "amount": 10000111100.0,
        "receiver": "21212",
        "sender": "215215255",
        "timestamp": "2024-11-22 18:47:04"
    },
    {
        "sender": "21212",
        "receiver": "2121",
        "amount": 100.0,
        "timestamp": "2024-11-22 18:51:29"
    },
    {
        "sender": "1221221",
        "receiver": "541545",
        "amount": 12121.0,
        "timestamp": "2024-11-22 19:02:43"
    },
    {
        "sender": "1221221",
        "receiver": "541545",
        "amount": 12121.0,
        "timestamp": "2024-11-22 19:04:54"
    },
    {
        "sender": "222222",
        "receiver": "12345",
        "amount": 214.0,
        "timestamp": "2024-11-23 03:17:41"
    },
    {
        "sender": "222222",
        "receiver": "12345",
        "amount": 1234.0,
        "timestamp": "2024-11-23 06:48:26"
    },
    {
        "sender": "14124124",
        "receiver": "1241241",
        "amount": 100000.0,
        "timestamp": "2024-11-23 06:48:47"
    },
    {
        "amount": 124124.0,
        "receiver": "124124",
        "sender": "222222",
        "timestamp": "2024-11-23 06:48:53"
    },
    {
        "sender": "222222",
        "receiver": "123455",
        "amount": 1220.0,
        "timestamp": "2024-11-23 07:19:13"
    },
    {
        "amount": 120000.0,
        "receiver": "54555",
        "sender": "5454",
        "timestamp": "2024-11-23 07:19:26"
    },
    {
        "sender": "222222",
        "receiver": "123123123",
        "amount": 123.0,
        "timestamp": "2024-11-23 07:38:59"
    },
    {
        "amount": 123123.0,
        "receiver": "123455",
        "sender": "222222",
        "timestamp": "2024-11-23 07:39:05"
    }
]